<?xml version="1.0" encoding="UTF-8"?>
<project-private xmlns="http://www.netbeans.org/ns/project-private/1">
    <editor-bookmarks xmlns="http://www.netbeans.org/ns/editor-bookmarks/2" lastBookmarkId="0"/>
    <open-files xmlns="http://www.netbeans.org/ns/projectui-open-files/2">
        <group>
            <file>file:/C:/wamp64/www/vishakha/includes/footer.php</file>
            <file>file:/C:/wamp64/www/vishakha/includes/header.php</file>
            <file>file:/C:/wamp64/www/vishakha/cart.php</file>
            <file>file:/C:/wamp64/www/vishakha/success.php</file>
            <file>file:/C:/wamp64/www/vishakha/login.php</file>
            <file>file:/C:/wamp64/www/vishakha/settings_script.php</file>
            <file>file:/C:/wamp64/www/vishakha/cart-remove.php</file>
            <file>file:/C:/wamp64/www/vishakha/signup_script.php</file>
            <file>file:/C:/wamp64/www/vishakha/login_submit.php</file>
            <file>file:/C:/wamp64/www/vishakha/signup.php</file>
            <file>file:/C:/wamp64/www/vishakha/includes/common.php</file>
            <file>file:/C:/wamp64/www/vishakha/about.php</file>
            <file>file:/C:/wamp64/www/vishakha/products.php</file>
            <file>file:/C:/wamp64/www/vishakha/contact_script.php</file>
            <file>file:/C:/wamp64/www/vishakha/index.php</file>
            <file>file:/C:/wamp64/www/vishakha/logout.php</file>
            <file>file:/C:/wamp64/www/vishakha/cart-add.php</file>
            <file>file:/C:/wamp64/www/vishakha/includes/check-if-added.php</file>
            <file>file:/C:/wamp64/www/vishakha/contact.php</file>
            <file>file:/C:/wamp64/www/vishakha/settings.php</file>
            <file>file:/C:/wamp64/www/vishakha/includes/modal.php</file>
        </group>
        <group name="interenshala">
            <file>file:/C:/wamp64/www/vishakha/cart.php</file>
            <file>file:/C:/wamp64/www/vishakha/success.php</file>
            <file>file:/C:/wamp64/www/vishakha/login.php</file>
            <file>file:/C:/wamp64/www/vishakha/settings_script.php</file>
            <file>file:/C:/wamp64/www/vishakha/cart-remove.php</file>
            <file>file:/C:/wamp64/www/vishakha/login_submit.php</file>
            <file>file:/C:/wamp64/www/vishakha/signup.php</file>
            <file>file:/C:/wamp64/www/Vishakha/includes/common.php</file>
            <file>file:/C:/wamp64/www/vishakha/about.php</file>
            <file>file:/C:/wamp64/www/vishakha/products.php</file>
            <file>file:/C:/wamp64/www/vishakha/contact_script.php</file>
            <file>file:/C:/wamp64/www/vishakha/index.php</file>
            <file>file:/C:/wamp64/www/vishakha/logout.php</file>
            <file>file:/C:/wamp64/www/vishakha/cart-add.php</file>
            <file>file:/C:/wamp64/www/vishakha/contact.php</file>
            <file>file:/C:/wamp64/www/vishakha/settings.php</file>
        </group>
    </open-files>
</project-private>
